Tahun,Luas,Produksi,Produktifitas,;;;
2005,18790,126575,67.3629590207557,;;;
2006,19012,128779,67.7356406480118,;;;
2007,20138,135294,67.1834343033072,;;;
2008,20504,140780,68.6597737026922,;;;
2009,20053,129277,64.4676606991473,;;;
2010,20768,126893,61.100250385208,;;;
2011,19954,124238.091690481,62.2622490179819,;;;
2012,19708,120754,61.2715648467627,;;;
2013,17442,112705,64.6170163972021,;;;
2014,17293,109148,63.1168680969178,;;;
2015,16807,106181,63.18,;;;
